{"color":{"r":0.2941176470588235,"b":1,"g":0.5686274509803921,"a":1},"name":"Color name","category":"Document Colors","index":2}