{"color":{"r":1,"b":0.2941176470588235,"g":0.2941176470588235,"a":1},"name":"Color name","category":"Document Colors","index":1}